{
  "project_info": {
    "project_number": "1058332504736",
    "firebase_url": "https://shadowtodo-e704d-default-rtdb.firebaseio.com",
    "project_id": "shadowtodo-e704d",
    "storage_bucket": "shadowtodo-e704d.appspot.com"
  },
  "client": [
    {
      "client_info": {
        "mobilesdk_app_id": "1:1058332504736:android:bef56a9d49336422cdcfc5",
        "android_client_info": {
          "package_name": "com.shadowtech.shadowtodo"
        }
      },
      "oauth_client": [
        {
          "client_id": "1058332504736-n4e78oujnchdag3bk7174lql9l5qqgme.apps.googleusercontent.com",
          "client_type": 3
        }
      ],
      "api_key": [
        {
          "current_key": "AIzaSyDqQO84TkrMttdEJCDRLmcheKZOfEyRT0g"
        }
      ],
      "services": {
        "appinvite_service": {
          "other_platform_oauth_client": [
            {
              "client_id": "1058332504736-n4e78oujnchdag3bk7174lql9l5qqgme.apps.googleusercontent.com",
              "client_type": 3
            }
          ]
        }
      }
    }
  ],
  "configuration_version": "1"
}